id	transaction_id	date	account code	debit	credit	amount	project_code	description	cashflow_code	Type	reference_no	sub_rbs_code	date_adjustment
1801	2024010110	45200	510100001	18000000	0	18000000	SYN-24-001	PT SUMBER MATERIAL - INV 030(2024)		Payable	030(2024)	TX01P	45214
1802	2024010110	45200	110100002	55000	0	55000	SYN-24-001	PT SUMBER MATERIAL - INV 030(2024)
1803	2024010110	45200	210100003	0	18055000	-18055000	SYN-24-001	PT SUMBER MATERIAL - INV 030(2024)
1804	SAL-24-10-0004	45202	510100001	1250000	0	1250000	SYN-24-001	Perjalanan dinas: Petugas A, Site Utama 02 sd 05 Okt 2024		Expense		TX01	45214
1805	SAL-24-10-0004	45202	110100004_BPC	0	1250000	-1250000	SYN-24-001	Perjalanan dinas: Petugas A, Site Utama 02 sd 05 Okt 2024	C1
1806	SAL-24-10-0005	45202	510100001	1250000	0	1250000	SYN-24-001	Perjalanan dinas: Petugas B, Site Utama 02 sd 05 Okt 2024		Expense		TX01	45214
1807	SAL-24-10-0005	45202	110100004_BPC	0	1250000	-1250000	SYN-24-001	Perjalanan dinas: Petugas B, Site Utama 02 sd 05 Okt 2024	C1
1808	SAL-24-10-0006	45202	510100001	2750000	0	2750000	SYN-24-001	Perjalanan dinas: Petugas C, Site Utama 02 sd 05 Okt 2024		Expense		TX01	45214
1809	SAL-24-10-0006	45202	110100004_BPC	0	2750000	-2750000	SYN-24-001	Perjalanan dinas: Petugas C, Site Utama 02 sd 05 Okt 2024	C1
1810	SAL-24-10-0017	45211	510100001	1800000	0	1800000	SYN-24-001	Perjalanan dinas: Petugas D, Site Utama 11 sd 15 Okt 2024		Expense		TX01	45214
1811	SAL-24-10-0017	45211	110100004_BPC	0	1800000	-1800000	SYN-24-001	Perjalanan dinas: Petugas D, Site Utama 11 sd 15 Okt 2024	C1
1812	ADV-24-10-0025	45212	111700005	64000000	0	64000000	SYN-24-001	Dropping dana operasional bulan Okt 2024 - Site Utama
1813	ADV-24-10-0025	45212	110100004_BPC	0	64000000	-64000000	SYN-24-001	Dropping dana operasional bulan Okt 2024 - Site Utama	C2	Dropping	REF/1000/ME/SYN/10/24	TX03P	45214
1814	BPJ-24-10-0002	45212	111300006	2450000	0	2450000	SYN-24-001	BPJS Ketenagakerjaan Site Utama Okt 2024		Expense		TX02	45214
1815	BPJ-24-10-0002	45212	110100007_BPC	0	2450000	-2450000	SYN-24-001	BPJS Ketenagakerjaan Site Utama Okt 2024	C2
1816	SAL-24-10-0032	45217	510100001	950000	0	950000	SYN-24-001	Perjalanan dinas: Petugas B, Site Utama 6 sd 8 Okt 2024		Expense		TX01	45214
1817	SAL-24-10-0032	45217	110100004_BPC	0	950000	-950000	SYN-24-001	Perjalanan dinas: Petugas B, Site Utama 6 sd 8 Okt 2024	C1
1818	2024010118	45219	510100001	1600000	0	1600000	SYN-24-001	PT SUMBER MATERIAL - INV 031(2024)		Payable	031(2024)	TX01P	45214
1819	2024010118	45219	110100002	4000	0	4000	SYN-24-001	PT SUMBER MATERIAL - INV 031(2024)
1820	2024010118	45219	210100003	0	1604000	-1604000	SYN-24-001	PT SUMBER MATERIAL - INV 031(2024)
1821	SAL-24-10-0037	45223	210100003	18000000	0	18000000	SYN-24-001	PT SUMBER MATERIAL - INV 030(2024) - PEMBELIAN TIKET PER Periode (25 SEP - 1 OKT 2024)		Expense	030(2024)	TX01	45214
1822	SAL-24-10-0037	45223	210100003	55000	0	55000	SYN-24-001	PPh PT SUMBER MATERIAL - INV 030(2024)
1823	SAL-24-10-0037	45223	210500008	0	15000	-15000	SYN-24-001	PPh PT SUMBER MATERIAL - INV 030(2024)		Payable	030(2024)	TX01P	45214
1824	SAL-24-10-0037	45223	110100004_BPC	0	55000	-55000	SYN-24-001	PPh PT SUMBER MATERIAL - INV 030(2024)	C2
1825	SAL-24-10-0037	45223	110100004_BPC	0	17985000	-17985000	SYN-24-001	PT SUMBER MATERIAL - INV 030(2024) - PEMBELIAN TIKET PER Periode (25 SEP - 1 OKT 2024)	C2	Payable	030(2024)	TX01P	45214
1826	SAL-24-10-0038	45224	111300006	14200000	0	14200000	SYN-24-001	Gaji Bulan Okt 2024 - STAF LAPANGAN SITE UTAMA		Expense		TX02	45214
